Date,10 Year Treasury Yield,3 Month Treasury Yield,3 Month Treasury Yield (Bond Equivalent Basis),Spread,Rec_prob,NBER_Rec
31-Jan-59,4.02,2.82,2.88,1.14,,0
28-Feb-59,3.96,2.70,2.76,1.20,,0
31-Mar-59,3.99,2.80,2.86,1.13,,0
30-Apr-59,4.12,2.95,3.01,1.11,,0
31-May-59,4.31,2.84,2.90,1.41,,0
30-Jun-59,4.34,3.21,3.28,1.06,,0
31-Jul-59,4.40,3.20,3.27,1.13,,0
31-Aug-59,4.43,3.38,3.46,0.97,,0
30-Sep-59,4.68,4.04,4.14,0.54,,0
31-Oct-59,4.53,4.05,4.15,0.38,,0
30-Nov-59,4.53,4.15,4.25,0.28,,0
31-Dec-59,4.69,4.49,4.60,0.09,,0
31-Jan-60,4.72,4.35,4.46,0.26,10.47%,0
29-Feb-60,4.49,3.96,4.06,0.43,9.76%,0
31-Mar-60,4.25,3.31,3.38,0.87,10.58%,0
30-Apr-60,4.28,3.23,3.30,0.98,10.86%,0
31-May-60,4.35,3.29,3.36,0.99,7.70%,1
30-Jun-60,4.15,2.46,2.51,1.64,11.44%,1
31-Jul-60,3.90,2.30,2.35,1.55,10.60%,1
31-Aug-60,3.80,2.30,2.35,1.45,12.52%,1
30-Sep-60,3.80,2.48,2.53,1.27,19.05%,1
31-Oct-60,3.89,2.30,2.35,1.54,21.93%,1
30-Nov-60,3.93,2.37,2.42,1.51,23.91%,1
31-Dec-60,3.84,2.25,2.29,1.55,27.85%,1
31-Jan-61,3.84,2.24,2.28,1.56,24.25%,1
28-Feb-61,3.78,2.42,2.47,1.31,20.95%,1
31-Mar-61,3.74,2.39,2.44,1.30,13.98%,0
30-Apr-61,3.78,2.29,2.34,1.44,12.46%,0
31-May-61,3.71,2.29,2.34,1.37,12.35%,0
30-Jun-61,3.88,2.33,2.38,1.50,5.80%,0
31-Jul-61,3.92,2.24,2.28,1.64,6.46%,0
31-Aug-61,4.04,2.39,2.44,1.60,7.30%,0
30-Sep-61,3.98,2.28,2.33,1.65,9.06%,0
31-Oct-61,3.92,2.30,2.35,1.57,6.54%,0
30-Nov-61,3.94,2.48,2.53,1.41,6.80%,0
31-Dec-61,4.06,2.60,2.65,1.41,6.53%,0
31-Jan-62,4.08,2.72,2.78,1.30,6.45%,0
28-Feb-62,4.04,2.73,2.79,1.25,8.64%,0
31-Mar-62,3.93,2.72,2.78,1.15,8.73%,0
30-Apr-62,3.84,2.73,2.79,1.05,7.38%,0
31-May-62,3.87,2.69,2.75,1.12,8.02%,0
30-Jun-62,3.91,2.73,2.79,1.12,6.88%,0
31-Jul-62,4.01,2.92,2.98,1.03,5.83%,0
31-Aug-62,3.98,2.82,2.88,1.10,6.09%,0
30-Sep-62,3.98,2.78,2.84,1.14,5.70%,0
31-Oct-62,3.93,2.74,2.80,1.13,6.30%,0
30-Nov-62,3.92,2.83,2.89,1.03,7.70%,0
31-Dec-62,3.86,2.87,2.93,0.93,7.73%,0
31-Jan-63,3.83,2.91,2.97,0.86,8.72%,0
28-Feb-63,3.92,2.92,2.98,0.94,9.24%,0
31-Mar-63,3.93,2.89,2.95,0.98,10.33%,0
30-Apr-63,3.97,2.90,2.96,1.01,11.51%,0
31-May-63,3.93,2.93,2.99,0.94,10.66%,0
30-Jun-63,3.99,2.99,3.05,0.94,10.67%,0
31-Jul-63,4.02,3.18,3.25,0.77,11.83%,0
31-Aug-63,4.00,3.32,3.39,0.61,10.94%,0
30-Sep-63,4.08,3.38,3.46,0.62,10.46%,0
31-Oct-63,4.11,3.45,3.53,0.58,10.56%,0
30-Nov-63,4.12,3.52,3.60,0.52,11.79%,0
31-Dec-63,4.13,3.52,3.60,0.53,13.11%,0
31-Jan-64,4.17,3.52,3.60,0.57,14.09%,0
29-Feb-64,4.15,3.53,3.61,0.54,12.99%,0
31-Mar-64,4.22,3.54,3.62,0.60,12.45%,0
30-Apr-64,4.23,3.47,3.55,0.68,12.07%,0
31-May-64,4.20,3.48,3.56,0.64,13.00%,0
30-Jun-64,4.17,3.48,3.56,0.61,13.02%,0
31-Jul-64,4.19,3.46,3.54,0.65,15.37%,0
31-Aug-64,4.19,3.50,3.58,0.61,17.97%,0
30-Sep-64,4.20,3.53,3.61,0.59,17.67%,0
31-Oct-64,4.19,3.57,3.65,0.54,18.37%,0
30-Nov-64,4.15,3.64,3.72,0.43,19.44%,0
31-Dec-64,4.18,3.84,3.93,0.25,19.26%,0
31-Jan-65,4.19,3.81,3.90,0.29,18.58%,0
28-Feb-65,4.21,3.93,4.02,0.19,19.10%,0
31-Mar-65,4.21,3.93,4.02,0.19,18.09%,0
30-Apr-65,4.20,3.93,4.02,0.18,16.75%,0
31-May-65,4.21,3.89,3.98,0.23,17.40%,0
30-Jun-65,4.21,3.80,3.89,0.32,17.89%,0
31-Jul-65,4.20,3.84,3.93,0.27,17.22%,0
31-Aug-65,4.25,3.84,3.93,0.32,17.90%,0
30-Sep-65,4.29,3.92,4.01,0.28,18.25%,0
31-Oct-65,4.35,4.03,4.13,0.22,19.12%,0
30-Nov-65,4.45,4.09,4.19,0.26,21.12%,0
31-Dec-65,4.62,4.38,4.49,0.13,24.49%,0
31-Jan-66,4.61,4.59,4.71,-0.10,23.68%,0
28-Feb-66,4.83,4.65,4.77,0.06,25.76%,0
31-Mar-66,4.87,4.59,4.71,0.16,25.76%,0
30-Apr-66,4.75,4.62,4.74,0.01,25.97%,0
31-May-66,4.78,4.64,4.76,0.02,24.92%,0
30-Jun-66,4.81,4.50,4.61,0.20,23.09%,0
31-Jul-66,5.02,4.80,4.93,0.09,24.09%,0
31-Aug-66,5.22,4.96,5.09,0.13,23.12%,0
30-Sep-66,5.18,5.37,5.52,-0.34,23.95%,0
31-Oct-66,5.01,5.35,5.50,-0.49,25.02%,0
30-Nov-66,5.16,5.32,5.47,-0.31,24.27%,0
31-Dec-66,4.84,4.96,5.09,-0.25,26.92%,0
31-Jan-67,4.58,4.72,4.84,-0.26,31.88%,0
28-Feb-67,4.63,4.56,4.68,-0.05,28.40%,0
31-Mar-67,4.54,4.26,4.37,0.17,26.25%,0
30-Apr-67,4.59,3.84,3.93,0.66,29.46%,0
31-May-67,4.85,3.60,3.68,1.17,29.26%,0
30-Jun-67,5.02,3.54,3.62,1.40,25.57%,0
31-Jul-67,5.16,4.21,4.31,0.85,27.68%,0
31-Aug-67,5.28,4.27,4.38,0.90,26.97%,0
30-Sep-67,5.30,4.42,4.53,0.77,37.51%,0
31-Oct-67,5.48,4.56,4.68,0.80,41.14%,0
30-Nov-67,5.75,4.73,4.85,0.90,36.74%,0
31-Dec-67,5.70,4.97,5.10,0.60,35.45%,0
31-Jan-68,5.53,5.00,5.13,0.40,35.70%,0
29-Feb-68,5.56,4.98,5.11,0.45,30.73%,0
31-Mar-68,5.74,5.17,5.31,0.43,26.00%,0
30-Apr-68,5.64,5.38,5.53,0.11,17.10%,0
31-May-68,5.87,5.66,5.82,0.05,10.17%,0
30-Jun-68,5.72,5.52,5.68,0.04,7.80%,0
31-Jul-68,5.50,5.31,5.46,0.04,14.26%,0
31-Aug-68,5.42,5.09,5.23,0.19,13.45%,0
30-Sep-68,5.46,5.19,5.33,0.13,15.40%,0
31-Oct-68,5.58,5.35,5.50,0.08,14.88%,0
30-Nov-68,5.70,5.45,5.60,0.10,13.55%,0
31-Dec-68,6.03,5.96,6.14,-0.11,18.11%,0
31-Jan-69,6.04,6.14,6.32,-0.28,21.66%,0
28-Feb-69,6.19,6.12,6.30,-0.11,20.73%,0
31-Mar-69,6.30,6.02,6.20,0.10,21.05%,0
30-Apr-69,6.17,6.11,6.29,-0.12,27.33%,0
31-May-69,6.32,6.04,6.22,0.10,28.65%,0
30-Jun-69,6.57,6.44,6.64,-0.07,28.73%,0
31-Jul-69,6.72,7.00,7.23,-0.51,28.76%,0
31-Aug-69,6.69,6.98,7.20,-0.51,25.63%,0
30-Sep-69,7.16,7.09,7.32,-0.16,26.95%,0
31-Oct-69,7.10,7.00,7.23,-0.13,27.93%,0
30-Nov-69,7.14,7.24,7.48,-0.34,27.60%,0
31-Dec-69,7.65,7.82,8.09,-0.44,32.04%,0
31-Jan-70,7.79,7.87,8.14,-0.35,36.17%,1
28-Feb-70,7.24,7.13,7.36,-0.12,32.20%,1
31-Mar-70,7.07,6.63,6.84,0.23,27.49%,1
30-Apr-70,7.39,6.51,6.71,0.68,32.42%,1
31-May-70,7.91,6.84,7.06,0.85,27.51%,1
30-Jun-70,7.84,6.68,6.89,0.95,31.19%,1
31-Jul-70,7.46,6.45,6.65,0.81,41.54%,1
31-Aug-70,7.53,6.41,6.61,0.92,41.77%,1
30-Sep-70,7.39,6.12,6.30,1.09,33.28%,1
31-Oct-70,7.33,5.91,6.08,1.25,32.49%,1
30-Nov-70,6.84,5.28,5.43,1.41,37.46%,1
31-Dec-70,6.39,4.87,5.00,1.39,39.91%,0
31-Jan-71,6.24,4.44,4.55,1.69,37.79%,0
28-Feb-71,6.11,3.70,3.79,2.32,32.41%,0
31-Mar-71,5.70,3.38,3.46,2.24,24.79%,0
30-Apr-71,5.83,3.86,3.95,1.88,16.77%,0
31-May-71,6.39,4.14,4.24,2.15,14.16%,0
30-Jun-71,6.52,4.75,4.87,1.65,12.81%,0
31-Jul-71,6.73,5.40,5.55,1.18,14.75%,0
31-Aug-71,6.58,4.94,5.07,1.51,13.18%,0
30-Sep-71,6.14,4.69,4.81,1.33,11.09%,0
31-Oct-71,5.93,4.46,4.57,1.36,9.30%,0
30-Nov-71,5.81,4.22,4.32,1.49,7.66%,0
31-Dec-71,5.93,4.01,4.11,1.82,7.87%,0
31-Jan-72,5.95,3.38,3.46,2.49,5.47%,0
29-Feb-72,6.08,3.20,3.27,2.81,2.25%,0
31-Mar-72,6.07,3.73,3.82,2.25,2.54%,0
30-Apr-72,6.19,3.71,3.80,2.39,4.25%,0
31-May-72,6.13,3.69,3.78,2.35,2.92%,0
30-Jun-72,6.11,3.91,4.00,2.11,5.76%,0
31-Jul-72,6.11,3.98,4.08,2.03,10.03%,0
31-Aug-72,6.21,4.02,4.12,2.09,6.84%,0
30-Sep-72,6.55,4.66,4.78,1.77,8.48%,0
31-Oct-72,6.48,4.74,4.86,1.62,8.20%,0
30-Nov-72,6.28,4.78,4.91,1.37,7.03%,0
31-Dec-72,6.36,5.07,5.21,1.15,4.58%,0
31-Jan-73,6.46,5.41,5.56,0.90,1.74%,0
28-Feb-73,6.64,5.60,5.76,0.88,1.04%,0
31-Mar-73,6.71,6.09,6.27,0.44,2.51%,0
30-Apr-73,6.67,6.26,6.45,0.22,2.03%,0
31-May-73,6.85,6.36,6.55,0.30,2.15%,0
30-Jun-73,6.90,7.19,7.42,-0.52,3.10%,0
31-Jul-73,7.13,8.01,8.29,-1.16,3.43%,0
31-Aug-73,7.40,8.67,8.99,-1.59,3.16%,0
30-Sep-73,7.09,8.29,8.59,-1.50,4.92%,0
31-Oct-73,6.79,7.22,7.46,-0.67,5.98%,0
30-Nov-73,6.73,7.83,8.10,-1.37,8.03%,0
31-Dec-73,6.74,7.45,7.70,-0.96,10.33%,1
31-Jan-74,6.99,7.77,8.04,-1.05,13.52%,1
28-Feb-74,6.96,7.12,7.35,-0.39,13.77%,1
31-Mar-74,7.21,7.96,8.24,-1.03,20.87%,1
30-Apr-74,7.51,8.33,8.63,-1.12,25.04%,1
31-May-74,7.58,8.23,8.52,-0.94,23.55%,1
30-Jun-74,7.54,7.90,8.17,-0.63,42.03%,1
31-Jul-74,7.81,7.55,7.80,0.01,57.94%,1
31-Aug-74,8.04,8.96,9.29,-1.25,68.14%,1
30-Sep-74,8.04,8.06,8.34,-0.30,66.02%,1
31-Oct-74,7.90,7.46,7.71,0.19,45.56%,1
30-Nov-74,7.68,7.47,7.72,-0.04,63.05%,1
31-Dec-74,7.43,7.15,7.38,0.05,52.93%,1
31-Jan-75,7.50,6.26,6.45,1.05,55.12%,1
28-Feb-75,7.39,5.50,5.66,1.73,38.76%,1
31-Mar-75,7.73,5.49,5.64,2.09,54.63%,1
30-Apr-75,8.23,5.61,5.77,2.46,56.91%,0
31-May-75,8.06,5.23,5.37,2.69,52.50%,0
30-Jun-75,7.86,5.34,5.49,2.37,44.72%,0
31-Jul-75,8.06,6.13,6.31,1.75,29.56%,0
31-Aug-75,8.40,6.44,6.64,1.76,60.30%,0
30-Sep-75,8.43,6.42,6.62,1.81,36.61%,0
31-Oct-75,8.14,5.96,6.14,2.00,25.65%,0
30-Nov-75,8.05,5.48,5.63,2.42,30.56%,0
31-Dec-75,8.00,5.44,5.59,2.41,28.66%,0
31-Jan-76,7.74,4.87,5.00,2.74,11.53%,0
29-Feb-76,7.79,4.88,5.01,2.78,5.14%,0
31-Mar-76,7.73,5.00,5.13,2.60,3.19%,0
30-Apr-76,7.56,4.86,4.99,2.57,1.83%,0
31-May-76,7.90,5.20,5.34,2.56,1.28%,0
30-Jun-76,7.86,5.41,5.56,2.30,2.09%,0
31-Jul-76,7.83,5.23,5.37,2.46,5.06%,0
31-Aug-76,7.77,5.14,5.28,2.49,4.96%,0
30-Sep-76,7.59,5.08,5.22,2.37,4.64%,0
31-Oct-76,7.41,4.92,5.05,2.36,3.57%,0
30-Nov-76,7.29,4.75,4.87,2.42,1.96%,0
31-Dec-76,6.87,4.35,4.46,2.41,1.98%,0
31-Jan-77,7.21,4.62,4.74,2.47,1.17%,0
28-Feb-77,7.39,4.67,4.79,2.60,1.09%,0
31-Mar-77,7.46,4.60,4.72,2.74,1.48%,0
30-Apr-77,7.37,4.54,4.66,2.71,1.54%,0
31-May-77,7.46,4.96,5.09,2.37,1.57%,0
30-Jun-77,7.28,5.02,5.16,2.12,2.34%,0
31-Jul-77,7.33,5.19,5.33,2.00,1.84%,0
31-Aug-77,7.40,5.49,5.64,1.76,1.75%,0
30-Sep-77,7.34,5.81,5.98,1.36,2.09%,0
31-Oct-77,7.52,6.16,6.34,1.18,2.14%,0
30-Nov-77,7.58,6.10,6.28,1.30,1.96%,0
31-Dec-77,7.69,6.07,6.25,1.44,1.97%,0
31-Jan-78,7.96,6.44,6.64,1.32,1.80%,0
28-Feb-78,8.03,6.45,6.65,1.38,1.47%,0
31-Mar-78,8.04,6.29,6.48,1.56,1.16%,0
30-Apr-78,8.15,6.29,6.48,1.67,1.22%,0
31-May-78,8.35,6.41,6.61,1.74,2.11%,0
30-Jun-78,8.46,6.73,6.94,1.52,3.02%,0
31-Jul-78,8.64,7.01,7.24,1.40,3.61%,0
31-Aug-78,8.41,7.08,7.31,1.10,5.00%,0
30-Sep-78,8.42,7.85,8.12,0.30,8.15%,0
31-Oct-78,8.64,7.99,8.27,0.37,10.07%,0
30-Nov-78,8.81,8.64,8.96,-0.15,8.77%,0
31-Dec-78,9.01,9.08,9.42,-0.41,7.43%,0
31-Jan-79,9.10,9.35,9.71,-0.61,8.53%,0
28-Feb-79,9.10,9.32,9.68,-0.58,7.95%,0
31-Mar-79,9.12,9.48,9.85,-0.73,6.42%,0
30-Apr-79,9.18,9.46,9.83,-0.65,5.59%,0
31-May-79,9.25,9.61,9.99,-0.74,5.08%,0
30-Jun-79,8.91,9.06,9.40,-0.49,6.75%,0
31-Jul-79,8.95,9.24,9.59,-0.64,7.75%,0
31-Aug-79,9.03,9.52,9.89,-0.86,10.93%,0
30-Sep-79,9.33,10.26,10.68,-1.35,23.48%,0
31-Oct-79,10.30,11.70,12.22,-1.92,22.10%,0
30-Nov-79,10.65,11.79,12.32,-1.67,32.96%,0
31-Dec-79,10.39,12.04,12.59,-2.20,39.27%,0
31-Jan-80,10.80,12.00,12.55,-1.75,44.13%,0
29-Feb-80,12.41,12.86,13.48,-1.07,43.34%,1
31-Mar-80,12.75,15.20,16.03,-3.28,47.10%,1
30-Apr-80,11.47,13.20,13.85,-2.38,45.06%,1
31-May-80,10.18,8.58,8.89,1.29,47.31%,1
30-Jun-80,9.78,7.07,7.30,2.48,41.20%,1
31-Jul-80,10.25,8.06,8.34,1.91,44.96%,1
31-Aug-80,11.10,9.13,9.48,1.62,50.45%,0
30-Sep-80,11.51,10.27,10.69,0.82,62.59%,0
31-Oct-80,11.75,11.62,12.14,-0.39,75.32%,0
30-Nov-80,12.68,13.73,14.42,-1.74,70.00%,0
31-Dec-80,12.84,15.49,16.35,-3.51,80.50%,0
31-Jan-81,12.57,15.02,15.83,-3.26,71.66%,0
28-Feb-81,13.19,14.79,15.58,-2.39,55.64%,0
31-Mar-81,13.12,13.36,14.02,-0.90,93.83%,0
30-Apr-81,13.68,13.69,14.38,-0.70,83.40%,0
31-May-81,14.10,16.30,17.24,-3.14,8.87%,0
30-Jun-81,13.47,14.73,15.51,-2.04,1.77%,0
31-Jul-81,14.28,14.95,15.75,-1.47,4.08%,0
31-Aug-81,14.94,15.51,16.37,-1.43,5.92%,1
30-Sep-81,15.32,14.70,15.48,-0.16,14.63%,1
31-Oct-81,15.15,13.54,14.21,0.94,38.68%,1
30-Nov-81,13.39,10.86,11.32,2.07,71.53%,1
31-Dec-81,13.72,10.85,11.31,2.41,95.40%,1
31-Jan-82,14.59,12.28,12.85,1.74,93.70%,1
28-Feb-82,14.43,13.48,14.15,0.28,83.60%,1
31-Mar-82,13.86,12.68,13.28,0.58,51.43%,1
30-Apr-82,13.87,12.70,13.30,0.57,46.35%,1
31-May-82,13.62,12.09,12.64,0.98,92.68%,1
30-Jun-82,14.30,12.47,13.05,1.25,77.62%,1
31-Jul-82,13.95,11.35,11.85,2.10,65.51%,1
31-Aug-82,13.06,8.68,9.00,4.06,64.43%,1
30-Sep-82,12.34,7.92,8.19,4.15,33.27%,1
31-Oct-82,10.91,7.71,7.97,2.94,13.02%,1
30-Nov-82,10.55,8.07,8.35,2.20,3.27%,1
31-Dec-82,10.54,7.94,8.22,2.32,1.98%,0
31-Jan-83,10.46,7.86,8.13,2.33,5.10%,0
28-Feb-83,10.72,8.11,8.39,2.33,23.86%,0
31-Mar-83,10.51,8.35,8.65,1.86,18.43%,0
30-Apr-83,10.40,8.21,8.50,1.90,18.62%,0
31-May-83,10.38,8.19,8.48,1.90,12.49%,0
30-Jun-83,10.85,8.79,9.11,1.74,9.32%,0
31-Jul-83,11.38,9.08,9.42,1.96,3.12%,0
31-Aug-83,11.85,9.34,9.70,2.15,0.10%,0
30-Sep-83,11.65,9.00,9.34,2.31,0.08%,0
31-Oct-83,11.54,8.64,8.96,2.58,0.84%,0
30-Nov-83,11.69,8.76,9.08,2.61,2.72%,0
31-Dec-83,11.83,9.00,9.34,2.49,2.25%,0
31-Jan-84,11.67,8.90,9.23,2.44,2.23%,0
29-Feb-84,11.84,9.09,9.43,2.41,2.25%,0
31-Mar-84,12.32,9.52,9.89,2.43,4.35%,0
30-Apr-84,12.63,9.69,10.07,2.56,4.13%,0
31-May-84,13.41,9.83,10.22,3.19,4.12%,0
30-Jun-84,13.56,9.87,10.26,3.30,5.14%,0
31-Jul-84,13.36,10.12,10.53,2.83,3.82%,0
31-Aug-84,12.72,10.47,10.90,1.82,2.90%,0
30-Sep-84,12.52,10.37,10.80,1.72,2.29%,0
31-Oct-84,12.16,9.74,10.12,2.04,1.50%,0
30-Nov-84,11.57,8.61,8.92,2.65,1.45%,0
31-Dec-84,11.50,8.06,8.34,3.16,1.74%,0
31-Jan-85,11.38,7.76,8.03,3.35,1.89%,0
28-Feb-85,11.51,8.27,8.56,2.95,1.98%,0
31-Mar-85,11.86,8.52,8.83,3.03,1.92%,0
30-Apr-85,11.43,7.95,8.23,3.20,1.57%,0
31-May-85,10.85,7.48,7.73,3.12,0.54%,0
30-Jun-85,10.16,6.95,7.17,2.99,0.44%,0
31-Jul-85,10.31,7.08,7.31,3.00,1.00%,0
31-Aug-85,10.33,7.14,7.37,2.96,4.62%,0
30-Sep-85,10.37,7.10,7.33,3.04,5.22%,0
31-Oct-85,10.24,7.16,7.39,2.85,3.42%,0
30-Nov-85,9.78,7.24,7.48,2.30,1.36%,0
31-Dec-85,9.26,7.10,7.33,1.93,0.57%,0
31-Jan-86,9.19,7.07,7.30,1.89,0.39%,0
28-Feb-86,8.70,7.06,7.29,1.41,0.82%,0
31-Mar-86,7.78,6.56,6.76,1.02,0.71%,0
30-Apr-86,7.30,6.06,6.24,1.06,0.52%,0
31-May-86,7.71,6.15,6.33,1.38,0.61%,0
30-Jun-86,7.80,6.21,6.40,1.40,0.77%,0
31-Jul-86,7.30,5.83,6.00,1.30,0.75%,0
31-Aug-86,7.17,5.53,5.69,1.48,0.81%,0
30-Sep-86,7.45,5.21,5.35,2.10,0.70%,0
31-Oct-86,7.43,5.18,5.32,2.11,0.98%,0
30-Nov-86,7.25,5.35,5.50,1.75,2.32%,0
31-Dec-86,7.11,5.53,5.69,1.42,3.96%,0
31-Jan-87,7.08,5.43,5.58,1.50,4.18%,0
28-Feb-87,7.25,5.59,5.75,1.50,7.68%,0
31-Mar-87,7.25,5.59,5.75,1.50,11.96%,0
30-Apr-87,8.02,5.64,5.80,2.22,11.42%,0
31-May-87,8.61,5.66,5.82,2.79,8.01%,0
30-Jun-87,8.40,5.67,5.83,2.57,7.76%,0
31-Jul-87,8.45,5.69,5.85,2.60,8.75%,0
31-Aug-87,8.76,6.04,6.22,2.54,7.04%,0
30-Sep-87,9.42,6.40,6.60,2.82,3.14%,0
31-Oct-87,9.52,6.13,6.31,3.21,3.09%,0
30-Nov-87,8.86,5.69,5.85,3.01,5.03%,0
31-Dec-87,8.99,5.77,5.94,3.05,7.57%,0
31-Jan-88,8.67,5.81,5.98,2.69,6.92%,0
29-Feb-88,8.21,5.66,5.82,2.39,6.90%,0
31-Mar-88,8.37,5.70,5.86,2.51,6.90%,0
30-Apr-88,8.72,5.91,6.08,2.64,2.63%,0
31-May-88,9.09,6.26,6.45,2.64,1.08%,0
30-Jun-88,8.92,6.46,6.66,2.26,1.54%,0
31-Jul-88,9.06,6.73,6.94,2.12,1.47%,0
31-Aug-88,9.26,7.06,7.29,1.97,1.61%,0
30-Sep-88,8.98,7.24,7.48,1.50,1.01%,0
31-Oct-88,8.80,7.35,7.59,1.21,0.52%,0
30-Nov-88,8.96,7.76,8.03,0.93,0.74%,0
31-Dec-88,9.11,8.07,8.35,0.76,0.68%,0
31-Jan-89,9.09,8.27,8.56,0.53,1.26%,0
28-Feb-89,9.17,8.53,8.84,0.33,2.04%,0
31-Mar-89,9.36,8.82,9.15,0.21,1.70%,0
30-Apr-89,9.18,8.65,8.97,0.21,1.38%,0
31-May-89,8.86,8.43,8.73,0.13,1.37%,0
30-Jun-89,8.28,8.15,8.44,-0.16,2.47%,0
31-Jul-89,8.02,7.88,8.15,-0.13,3.04%,0
31-Aug-89,8.11,7.90,8.17,-0.06,3.74%,0
30-Sep-89,8.19,7.75,8.01,0.18,6.88%,0
31-Oct-89,8.01,7.64,7.90,0.11,9.73%,0
30-Nov-89,7.87,7.69,7.95,-0.08,13.03%,0
31-Dec-89,7.84,7.63,7.89,-0.05,15.56%,0
31-Jan-90,8.21,7.64,7.90,0.31,19.32%,0
28-Feb-90,8.47,7.74,8.00,0.47,22.88%,0
31-Mar-90,8.59,7.90,8.17,0.42,25.19%,0
30-Apr-90,8.79,7.77,8.04,0.75,25.19%,0
31-May-90,8.76,7.74,8.00,0.76,26.97%,0
30-Jun-90,8.48,7.73,7.99,0.49,33.22%,0
31-Jul-90,8.47,7.62,7.88,0.59,32.64%,0
31-Aug-90,8.75,7.45,7.70,1.05,31.08%,1
30-Sep-90,8.89,7.36,7.60,1.29,25.97%,1
31-Oct-90,8.72,7.17,7.40,1.32,27.30%,1
30-Nov-90,8.39,7.06,7.29,1.10,31.50%,1
31-Dec-90,8.08,6.74,6.95,1.13,30.75%,1
31-Jan-91,8.09,6.22,6.41,1.68,23.26%,1
28-Feb-91,7.85,5.94,6.11,1.74,20.38%,1
31-Mar-91,8.11,5.91,6.08,2.03,21.26%,1
30-Apr-91,8.04,5.65,5.81,2.23,15.61%,0
31-May-91,8.07,5.46,5.61,2.46,15.58%,0
30-Jun-91,8.28,5.57,5.73,2.55,20.01%,0
31-Jul-91,8.27,5.58,5.74,2.53,18.19%,0
31-Aug-91,7.90,5.33,5.48,2.42,11.53%,0
30-Sep-91,7.65,5.22,5.36,2.29,8.89%,0
31-Oct-91,7.53,4.99,5.12,2.41,8.59%,0
30-Nov-91,7.42,4.56,4.68,2.74,10.92%,0
31-Dec-91,7.09,4.07,4.17,2.92,10.61%,0
31-Jan-92,7.03,3.80,3.89,3.14,5.50%,0
29-Feb-92,7.34,3.84,3.93,3.41,5.13%,0
31-Mar-92,7.54,4.04,4.14,3.40,3.47%,0
30-Apr-92,7.48,3.75,3.84,3.64,2.60%,0
31-May-92,7.39,3.63,3.71,3.68,1.84%,0
30-Jun-92,7.26,3.66,3.75,3.51,1.58%,0
31-Jul-92,6.84,3.21,3.28,3.56,1.63%,0
31-Aug-92,6.59,3.13,3.20,3.39,1.94%,0
30-Sep-92,6.42,2.91,2.97,3.45,2.38%,0
31-Oct-92,6.59,2.86,2.92,3.67,1.99%,0
30-Nov-92,6.87,3.13,3.20,3.67,1.16%,0
31-Dec-92,6.77,3.22,3.29,3.48,0.86%,0
31-Jan-93,6.60,3.00,3.06,3.54,0.59%,0
28-Feb-93,6.26,2.93,2.99,3.27,0.36%,0
31-Mar-93,5.98,2.95,3.01,2.97,0.36%,0
30-Apr-93,5.97,2.87,2.93,3.04,0.23%,0
31-May-93,6.04,2.96,3.02,3.02,0.21%,0
30-Jun-93,5.96,3.07,3.14,2.82,0.29%,0
31-Jul-93,5.81,3.04,3.11,2.70,0.27%,0
31-Aug-93,5.68,3.02,3.09,2.59,0.37%,0
30-Sep-93,5.36,2.95,3.01,2.35,0.33%,0
31-Oct-93,5.33,3.02,3.09,2.24,0.21%,0
30-Nov-93,5.72,3.10,3.17,2.55,0.21%,0
31-Dec-93,5.77,3.06,3.13,2.64,0.31%,0
31-Jan-94,5.75,2.98,3.04,2.71,0.28%,0
28-Feb-94,5.97,3.25,3.32,2.65,0.46%,0
31-Mar-94,6.48,3.50,3.58,2.90,0.80%,0
30-Apr-94,6.97,3.68,3.77,3.20,0.70%,0
31-May-94,7.18,4.14,4.24,2.94,0.73%,0
30-Jun-94,7.10,4.14,4.24,2.86,1.02%,0
31-Jul-94,7.30,4.33,4.44,2.86,1.24%,0
31-Aug-94,7.24,4.48,4.59,2.65,1.48%,0
30-Sep-94,7.46,4.62,4.74,2.72,2.18%,0
31-Oct-94,7.74,4.95,5.08,2.66,2.53%,0
30-Nov-94,7.96,5.29,5.44,2.52,1.58%,0
31-Dec-94,7.81,5.60,5.76,2.05,1.37%,0
31-Jan-95,7.78,5.71,5.87,1.91,1.24%,0
28-Feb-95,7.47,5.77,5.94,1.53,1.36%,0
31-Mar-95,7.20,5.73,5.89,1.31,0.89%,0
30-Apr-95,7.06,5.65,5.81,1.25,0.52%,0
31-May-95,6.63,5.67,5.83,0.80,0.84%,0
30-Jun-95,6.17,5.47,5.62,0.55,0.96%,0
31-Jul-95,6.28,5.42,5.57,0.71,0.95%,0
31-Aug-95,6.49,5.40,5.55,0.94,1.36%,0
30-Sep-95,6.20,5.28,5.43,0.77,1.21%,0
31-Oct-95,6.04,5.28,5.43,0.61,1.34%,0
30-Nov-95,5.93,5.36,5.51,0.42,1.65%,0
31-Dec-95,5.71,5.14,5.28,0.43,3.35%,0
31-Jan-96,5.65,5.00,5.13,0.52,4.10%,0
29-Feb-96,5.81,4.83,4.96,0.85,6.63%,0
31-Mar-96,6.27,4.96,5.09,1.18,8.70%,0
30-Apr-96,6.51,4.95,5.08,1.43,9.28%,0
31-May-96,6.74,5.02,5.16,1.58,14.96%,0
30-Jun-96,6.91,5.09,5.23,1.68,18.97%,0
31-Jul-96,6.87,5.15,5.29,1.58,16.31%,0
31-Aug-96,6.64,5.05,5.19,1.45,12.97%,0
30-Sep-96,6.83,5.09,5.23,1.60,15.31%,0
31-Oct-96,6.53,4.99,5.12,1.41,17.82%,0
30-Nov-96,6.20,5.03,5.17,1.03,21.19%,0
31-Dec-96,6.30,4.91,5.04,1.26,21.03%,0
31-Jan-97,6.58,5.03,5.17,1.41,19.50%,0
28-Feb-97,6.42,5.01,5.14,1.28,14.17%,0
31-Mar-97,6.69,5.14,5.28,1.41,10.05%,0
30-Apr-97,6.89,5.16,5.30,1.59,7.54%,0
31-May-97,6.71,5.05,5.19,1.52,6.22%,0
30-Jun-97,6.49,4.93,5.06,1.43,5.50%,0
31-Jul-97,6.22,5.05,5.19,1.03,6.26%,0
31-Aug-97,6.30,5.14,5.28,1.02,7.30%,0
30-Sep-97,6.21,4.95,5.08,1.13,6.09%,0
31-Oct-97,6.03,4.97,5.10,0.93,7.73%,0
30-Nov-97,5.88,5.14,5.28,0.60,11.74%,0
31-Dec-97,5.81,5.16,5.30,0.51,9.17%,0
31-Jan-98,5.54,5.04,5.18,0.36,7.66%,0
28-Feb-98,5.57,5.09,5.23,0.34,9.00%,0
31-Mar-98,5.65,5.03,5.17,0.48,7.70%,0
30-Apr-98,5.64,4.95,5.08,0.56,6.19%,0
31-May-98,5.65,5.00,5.13,0.52,6.71%,0
30-Jun-98,5.50,4.98,5.11,0.39,7.53%,0
31-Jul-98,5.46,4.96,5.09,0.37,11.75%,0
31-Aug-98,5.34,4.90,5.03,0.31,11.92%,0
30-Sep-98,4.81,4.61,4.73,0.08,10.62%,0
31-Oct-98,4.53,3.96,4.06,0.47,13.14%,0
30-Nov-98,4.83,4.41,4.52,0.31,18.06%,0
31-Dec-98,4.65,4.39,4.50,0.15,19.61%,0
31-Jan-99,4.72,4.34,4.45,0.27,22.25%,0
28-Feb-99,5.00,4.44,4.55,0.45,22.67%,0
31-Mar-99,5.23,4.44,4.55,0.68,20.05%,0
30-Apr-99,5.18,4.29,4.40,0.78,18.77%,0
31-May-99,5.54,4.50,4.61,0.93,19.50%,0
30-Jun-99,5.90,4.57,4.69,1.21,21.83%,0
31-Jul-99,5.79,4.55,4.67,1.12,22.19%,0
31-Aug-99,5.94,4.72,4.84,1.10,23.29%,0
30-Sep-99,5.92,4.68,4.80,1.12,27.94%,0
31-Oct-99,6.11,4.86,4.99,1.12,20.23%,0
30-Nov-99,6.03,5.07,5.21,0.82,23.32%,0
31-Dec-99,6.28,5.20,5.34,0.94,26.51%,0
31-Jan-00,6.66,5.32,5.47,1.19,24.05%,0
29-Feb-00,6.52,5.55,5.71,0.81,20.71%,0
31-Mar-00,6.26,5.69,5.85,0.41,16.80%,0
30-Apr-00,5.99,5.66,5.82,0.17,15.18%,0
31-May-00,6.44,5.79,5.96,0.48,13.16%,0
30-Jun-00,6.10,5.69,5.85,0.25,9.67%,0
31-Jul-00,6.05,5.96,6.14,-0.09,10.67%,0
31-Aug-00,5.83,6.09,6.27,-0.44,10.98%,0
30-Sep-00,5.80,6.00,6.18,-0.38,10.73%,0
31-Oct-00,5.74,6.11,6.29,-0.55,10.69%,0
30-Nov-00,5.72,6.17,6.35,-0.63,14.59%,0
31-Dec-00,5.24,5.77,5.94,-0.70,12.99%,0
31-Jan-01,5.16,5.15,5.29,-0.13,9.88%,0
28-Feb-01,5.10,4.88,5.01,0.09,14.74%,0
31-Mar-01,4.89,4.42,4.53,0.36,21.45%,0
30-Apr-01,5.14,3.87,3.96,1.18,26.12%,1
31-May-01,5.39,3.62,3.70,1.69,20.08%,1
30-Jun-01,5.28,3.49,3.57,1.71,24.52%,1
31-Jul-01,5.24,3.51,3.59,1.65,31.58%,1
31-Aug-01,4.97,3.36,3.44,1.53,39.97%,1
30-Sep-01,4.73,2.64,2.69,2.04,38.41%,1
31-Oct-01,4.57,2.16,2.20,2.37,42.71%,1
30-Nov-01,4.65,1.87,1.90,2.75,44.77%,1
31-Dec-01,5.09,1.69,1.72,3.37,46.32%,0
31-Jan-02,5.04,1.65,1.68,3.36,32.61%,0
28-Feb-02,4.91,1.72,1.75,3.16,27.74%,0
31-Mar-02,5.28,1.79,1.82,3.46,22.37%,0
30-Apr-02,5.21,1.71,1.74,3.47,10.05%,0
31-May-02,5.16,1.73,1.76,3.40,5.48%,0
30-Jun-02,4.93,1.70,1.73,3.20,5.31%,0
31-Jul-02,4.65,1.68,1.71,2.94,5.74%,0
31-Aug-02,4.26,1.62,1.65,2.61,6.62%,0
30-Sep-02,3.87,1.63,1.66,2.21,3.43%,0
31-Oct-02,3.94,1.58,1.61,2.33,2.11%,0
30-Nov-02,4.05,1.23,1.25,2.80,1.16%,0
31-Dec-02,4.03,1.19,1.21,2.82,0.38%,0
31-Jan-03,4.05,1.17,1.19,2.86,0.39%,0
28-Feb-03,3.90,1.17,1.19,2.71,0.57%,0
31-Mar-03,3.81,1.13,1.15,2.66,0.32%,0
30-Apr-03,3.96,1.13,1.15,2.81,0.32%,0
31-May-03,3.57,1.07,1.09,2.48,0.36%,0
30-Jun-03,3.33,0.92,0.93,2.40,0.53%,0
31-Jul-03,3.98,0.90,0.91,3.07,0.83%,0
31-Aug-03,4.45,0.95,0.97,3.48,1.44%,0
30-Sep-03,4.27,0.94,0.96,3.31,2.66%,0
31-Oct-03,4.29,0.92,0.93,3.36,2.23%,0
30-Nov-03,4.30,0.93,0.95,3.35,1.06%,0
31-Dec-03,4.27,0.90,0.91,3.36,1.02%,0
31-Jan-04,4.15,0.88,0.89,3.26,0.95%,0
29-Feb-04,4.08,0.93,0.95,3.13,1.23%,0
31-Mar-04,3.83,0.94,0.96,2.87,1.33%,0
30-Apr-04,4.35,0.94,0.96,3.39,1.04%,0
31-May-04,4.72,1.02,1.04,3.68,1.77%,0
30-Jun-04,4.73,1.27,1.29,3.44,2.02%,0
31-Jul-04,4.50,1.33,1.35,3.15,0.67%,0
31-Aug-04,4.28,1.48,1.51,2.77,0.31%,0
30-Sep-04,4.13,1.65,1.68,2.45,0.43%,0
31-Oct-04,4.10,1.76,1.79,2.31,0.39%,0
30-Nov-04,4.19,2.07,2.11,2.08,0.39%,0
31-Dec-04,4.23,2.19,2.23,2.00,0.39%,0
31-Jan-05,4.22,2.33,2.38,1.84,0.47%,0
28-Feb-05,4.17,2.54,2.59,1.58,0.59%,0
31-Mar-05,4.50,2.74,2.80,1.70,0.93%,0
30-Apr-05,4.34,2.78,2.84,1.50,0.37%,0
31-May-05,4.14,2.84,2.90,1.24,0.21%,0
30-Jun-05,4.00,2.97,3.03,0.97,0.34%,0
31-Jul-05,4.18,3.22,3.29,0.89,0.58%,0
31-Aug-05,4.26,3.44,3.52,0.74,1.10%,0
30-Sep-05,4.20,3.42,3.50,0.70,1.86%,0
31-Oct-05,4.46,3.71,3.80,0.66,2.31%,0
30-Nov-05,4.54,3.88,3.97,0.57,3.22%,0
31-Dec-05,4.47,3.89,3.98,0.49,3.61%,0
31-Jan-06,4.42,4.24,4.35,0.07,4.45%,0
28-Feb-06,4.57,4.43,4.54,0.03,6.27%,0
31-Mar-06,4.72,4.51,4.63,0.09,5.36%,0
30-Apr-06,4.99,4.60,4.72,0.27,6.89%,0
31-May-06,5.11,4.72,4.84,0.27,9.37%,0
30-Jun-06,5.11,4.79,4.92,0.19,12.62%,0
31-Jul-06,5.09,4.95,5.08,0.01,13.66%,0
31-Aug-06,4.88,4.96,5.09,-0.21,15.80%,0
30-Sep-06,4.72,4.81,4.94,-0.22,16.41%,0
31-Oct-06,4.73,4.92,5.05,-0.32,17.03%,0
30-Nov-06,4.60,4.94,5.07,-0.47,18.61%,0
31-Dec-06,4.56,4.85,4.98,-0.42,20.00%,0
31-Jan-07,4.76,4.98,5.11,-0.35,28.08%,0
28-Feb-07,4.72,5.03,5.17,-0.45,29.09%,0
31-Mar-07,4.56,4.94,5.07,-0.51,27.65%,0
30-Apr-07,4.69,4.87,5.00,-0.31,24.04%,0
31-May-07,4.75,4.73,4.85,-0.10,24.13%,0
30-Jun-07,5.10,4.61,4.73,0.37,25.59%,0
31-Jul-07,5.00,4.82,4.95,0.05,29.52%,0
31-Aug-07,4.67,4.20,4.30,0.37,34.51%,0
30-Sep-07,4.52,3.89,3.98,0.54,34.60%,0
31-Oct-07,4.53,3.90,3.99,0.54,37.07%,0
30-Nov-07,4.15,3.27,3.34,0.81,40.73%,0
31-Dec-07,4.10,3.00,3.06,1.04,39.42%,0
31-Jan-08,3.74,2.75,2.81,0.93,37.85%,1
29-Feb-08,3.74,2.12,2.16,1.58,40.08%,1
31-Mar-08,3.51,1.26,1.28,2.23,41.71%,1
30-Apr-08,3.68,1.29,1.31,2.37,36.78%,1
31-May-08,3.88,1.73,1.76,2.12,32.00%,1
30-Jun-08,4.10,1.86,1.89,2.21,22.12%,1
31-Jul-08,4.01,1.63,1.66,2.35,28.55%,1
31-Aug-08,3.89,1.72,1.75,2.14,22.21%,1
30-Sep-08,3.69,1.13,1.15,2.54,19.13%,1
31-Oct-08,3.81,0.67,0.68,3.13,19.14%,1
30-Nov-08,3.53,0.19,0.19,3.34,14.82%,1
31-Dec-08,2.42,0.03,0.03,2.39,11.73%,1
31-Jan-09,2.52,0.13,0.13,2.39,13.06%,1
28-Feb-09,2.87,0.30,0.30,2.57,6.27%,1
31-Mar-09,2.82,0.21,0.21,2.61,2.60%,1
30-Apr-09,2.93,0.16,0.16,2.77,2.11%,1
31-May-09,3.29,0.18,0.18,3.11,3.05%,1
30-Jun-09,3.72,0.18,0.18,3.54,2.69%,1
31-Jul-09,3.56,0.18,0.18,3.38,2.16%,0
31-Aug-09,3.59,0.17,0.17,3.42,2.96%,0
30-Sep-09,3.40,0.12,0.12,3.28,1.61%,0
31-Oct-09,3.39,0.07,0.07,3.32,0.60%,0
30-Nov-09,3.40,0.05,0.05,3.35,0.41%,0
31-Dec-09,3.59,0.05,0.05,3.54,2.04%,0
31-Jan-10,3.73,0.06,0.06,3.67,2.04%,0
28-Feb-10,3.69,0.11,0.11,3.58,1.55%,0
31-Mar-10,3.73,0.15,0.15,3.58,1.45%,0
30-Apr-10,3.85,0.16,0.16,3.69,1.11%,0
31-May-10,3.42,0.16,0.16,3.26,0.62%,0
30-Jun-10,3.20,0.12,0.12,3.08,0.28%,0
31-Jul-10,3.01,0.16,0.16,2.85,0.38%,0
31-Aug-10,2.70,0.16,0.16,2.54,0.35%,0
30-Sep-10,2.65,0.15,0.15,2.50,0.45%,0
31-Oct-10,2.54,0.13,0.13,2.41,0.42%,0
30-Nov-10,2.76,0.14,0.14,2.62,0.40%,0
31-Dec-10,3.29,0.14,0.14,3.15,0.28%,0
31-Jan-11,3.39,0.15,0.15,3.24,0.21%,0
28-Feb-11,3.58,0.13,0.13,3.45,0.26%,0
31-Mar-11,3.41,0.10,0.10,3.31,0.26%,0
30-Apr-11,3.46,0.06,0.06,3.40,0.21%,0
31-May-11,3.17,0.04,0.04,3.13,0.47%,0
30-Jun-11,3.00,0.04,0.04,2.96,0.65%,0
31-Jul-11,3.00,0.04,0.04,2.96,0.97%,0
31-Aug-11,2.30,0.02,0.02,2.28,1.62%,0
30-Sep-11,1.98,0.01,0.01,1.97,1.72%,0
31-Oct-11,2.15,0.02,0.02,2.13,1.98%,0
30-Nov-11,2.01,0.01,0.01,2.00,1.42%,0
31-Dec-11,1.98,0.01,0.01,1.97,0.58%,0
31-Jan-12,1.97,0.03,0.03,1.94,0.49%,0
29-Feb-12,1.97,0.09,0.09,1.88,0.33%,0
31-Mar-12,2.17,0.08,0.08,2.09,0.43%,0
30-Apr-12,2.05,0.08,0.08,1.97,0.36%,0
31-May-12,1.80,0.09,0.09,1.71,0.60%,0
30-Jun-12,1.62,0.09,0.09,1.53,0.81%,0
31-Jul-12,1.53,0.10,0.10,1.43,0.81%,0
31-Aug-12,1.68,0.10,0.10,1.58,2.41%,0
30-Sep-12,1.72,0.11,0.11,1.61,3.75%,0
31-Oct-12,1.75,0.10,0.10,1.65,3.00%,0
30-Nov-12,1.65,0.09,0.09,1.56,3.60%,0
31-Dec-12,1.72,0.07,0.07,1.65,3.75%,0
31-Jan-13,1.91,0.07,0.07,1.84,3.91%,0
28-Feb-13,1.98,0.10,0.10,1.88,4.25%,0
31-Mar-13,1.96,0.09,0.09,1.87,3.18%,0
30-Apr-13,1.76,0.06,0.06,1.70,3.76%,0
31-May-13,1.93,0.04,0.04,1.89,5.32%,0
30-Jun-13,2.30,0.05,0.05,2.25,6.67%,0
31-Jul-13,2.58,0.04,0.04,2.54,7.53%,0
31-Aug-13,2.74,0.04,0.04,2.70,6.27%,0
30-Sep-13,2.81,0.02,0.02,2.79,6.04%,0
31-Oct-13,2.62,0.05,0.05,2.57,5.74%,0
30-Nov-13,2.72,0.07,0.07,2.65,6.43%,0
31-Dec-13,2.90,0.07,0.07,2.83,5.74%,0
31-Jan-14,2.86,0.04,0.04,2.82,4.48%,0
28-Feb-14,2.71,0.05,0.05,2.66,4.25%,0
31-Mar-14,2.72,0.05,0.05,2.67,4.31%,0
30-Apr-14,2.71,0.03,0.03,2.68,5.38%,0
31-May-14,2.56,0.03,0.03,2.53,4.19%,0
30-Jun-14,2.60,0.04,0.04,2.56,2.52%,0
31-Jul-14,2.54,0.03,0.03,2.51,1.61%,0
31-Aug-14,2.42,0.03,0.03,2.39,1.25%,0
30-Sep-14,2.53,0.02,0.02,2.51,1.07%,0
31-Oct-14,2.30,0.02,0.02,2.28,1.54%,0
30-Nov-14,2.33,0.02,0.02,2.31,1.35%,0
31-Dec-14,2.21,0.03,0.03,2.18,1.01%,0
31-Jan-15,1.88,0.03,0.03,1.85,1.02%,0
28-Feb-15,1.98,0.02,0.02,1.96,1.33%,0
31-Mar-15,2.04,0.03,0.03,2.01,1.31%,0
30-Apr-15,1.94,0.02,0.02,1.92,1.29%,0
31-May-15,2.20,0.02,0.02,2.18,1.64%,0
30-Jun-15,2.36,0.02,0.02,2.34,1.56%,0
31-Jul-15,2.32,0.03,0.03,2.29,1.69%,0
31-Aug-15,2.17,0.07,0.07,2.10,2.04%,0
30-Sep-15,2.17,0.02,0.02,2.15,1.69%,0
31-Oct-15,2.07,0.02,0.02,2.05,2.41%,0
30-Nov-15,2.26,0.12,0.12,2.14,2.30%,0
31-Dec-15,2.24,0.23,0.23,2.01,2.79%,0
31-Jan-16,2.09,0.26,0.26,1.83,4.42%,0
29-Feb-16,1.78,0.31,0.31,1.47,3.80%,0
31-Mar-16,1.89,0.29,0.29,1.60,3.55%,0
30-Apr-16,1.81,0.23,0.23,1.58,4.02%,0
31-May-16,1.81,0.27,0.27,1.54,2.79%,0
30-Jun-16,1.64,0.27,0.27,1.37,2.20%,0
31-Jul-16,1.50,0.30,0.30,1.20,2.37%,0
31-Aug-16,1.56,0.30,0.30,1.26,3.13%,0
30-Sep-16,1.63,0.29,0.29,1.34,2.91%,0
31-Oct-16,1.76,0.33,0.33,1.43,3.36%,0
30-Nov-16,2.14,0.45,0.46,1.68,2.96%,0
31-Dec-16,2.49,0.51,0.52,1.97,3.57%,0
31-Jan-17,2.43,0.51,0.52,1.91,4.56%,0
28-Feb-17,2.42,0.52,0.53,1.89,7.20%,0
31-Mar-17,2.48,0.74,0.75,1.73,6.14%,0
30-Apr-17,2.30,0.80,0.81,1.49,6.28%,0
31-May-17,2.30,0.89,0.90,1.40,6.61%,0
30-Jun-17,2.19,0.98,1.00,1.19,8.11%,0
7/31/17,2.32,1.07,1.09,1.23,9.85%,0
8/31/17,2.21,1.01,1.03,1.18,9.21%,0
9/30/17,2.20,1.03,1.05,1.15,8.40%,0
10/31/17,2.36,1.07,1.09,1.27,7.56%,0
11/30/17,2.35,1.23,1.25,1.10,5.49%,0
12/31/17,2.40,1.32,1.34,1.06,3.74%,0
1/31/18,2.58,1.41,1.43,1.15,4.06%,0
2/28/18,2.86,1.57,1.60,1.26,4.17%,0
3/31/18,2.84,1.70,1.73,1.11,5.18%,0
4/30/18,2.87,1.76,1.79,1.08,7.01%,0
5/31/18,2.98,1.86,1.89,1.09,7.83%,0
6/30/18,2.91,1.90,1.94,0.97,9.87%,0
7/31/18,2.89,1.96,2.00,0.89,9.45%,0
8/31/18,2.89,2.03,2.07,0.82,9.99%,0
9/30/18,3.00,2.13,2.17,0.83,10.33%,0
10/31/18,3.15,2.25,2.29,0.86,9.04%,0
11/30/18,3.12,2.33,2.38,0.74,10.95%,0
12/31/18,2.83,2.37,2.42,0.41,11.46%,0
1/31/19,2.71,2.37,2.42,0.29,10.41%,0
2/28/19,2.68,2.39,2.44,0.24,9.14%,0
3/31/19,2.57,2.40,2.45,0.12,10.84%,0
4/30/19,,,,,11.21%,
5/31/19,,,,,11.12%,
6/30/19,,,,,12.51%,
7/31/19,,,,,13.60%,
8/31/19,,,,,14.61%,
9/30/19,,,,,14.51%,
10/31/19,,,,,14.12%,
11/30/19,,,,,15.77%,
12/31/19,,,,,21.35%,
1/31/20,,,,,23.62%,
2/28/20,,,,,24.62%,
3/31/20,,,,,27.08%,